Word,L1,L2,L3,L4,L5,Score
sales,s,a,l,e,s,486
tries,t,r,i,e,s,476
saves,s,a,v,e,s,469
fries,f,r,i,e,s,459
sites,s,i,t,e,s,459
trees,t,r,e,e,s,457
cares,c,a,r,e,s,451
tapes,t,a,p,e,s,446
sides,s,i,d,e,s,444
takes,t,a,k,e,s,436
dates,d,a,t,e,s,433
cases,c,a,s,e,s,430
pages,p,a,g,e,s,430
holes,h,o,l,e,s,430
flies,f,l,i,e,s,430
loses,l,o,s,e,s,428
codes,c,o,d,e,s,428
sorts,s,o,r,t,s,428
sizes,s,i,z,e,s,427
bases,b,a,s,e,s,426
rates,r,a,t,e,s,425
comes,c,o,m,e,s,422
notes,n,o,t,e,s,421
moves,m,o,v,e,s,418
fails,f,a,i,l,s,417
votes,v,o,t,e,s,416
files,f,i,l,e,s,415
hopes,h,o,p,e,s,415
times,t,i,m,e,s,413
waits,w,a,i,t,s,412
boxes,b,o,x,e,s,410
bites,b,i,t,e,s,410
makes,m,a,k,e,s,410
lines,l,i,n,e,s,408
games,g,a,m,e,s,407
gains,g,a,i,n,s,406
miles,m,i,l,e,s,406
pairs,p,a,i,r,s,405
means,m,e,a,n,s,401
names,n,a,m,e,s,400
loads,l,o,a,d,s,399
suits,s,u,i,t,s,398
lives,l,i,v,e,s,393
sells,s,e,l,l,s,391
deals,d,e,a,l,s,390
wears,w,e,a,r,s,390
bears,b,e,a,r,s,389
joins,j,o,i,n,s,389
hides,h,i,d,e,s,388
fixes,f,i,x,e,s,388
signs,s,i,g,n,s,386
warns,w,a,r,n,s,386
seeks,s,e,e,k,s,385
likes,l,i,k,e,s,385
traps,t,r,a,p,s,382
hears,h,e,a,r,s,382
doors,d,o,o,r,s,381
parts,p,a,r,t,s,381
gives,g,i,v,e,s,380
mixes,m,i,x,e,s,379
seems,s,e,e,m,s,376
shuts,s,h,u,t,s,375
falls,f,a,l,l,s,375
plans,p,l,a,n,s,375
chars,c,h,a,r,s,373
leads,l,e,a,d,s,373
calls,c,a,l,l,s,372
feels,f,e,e,l,s,372
spots,s,p,o,t,s,370
walls,w,a,l,l,s,369
wants,w,a,n,t,s,368
looks,l,o,o,k,s,367
tells,t,e,l,l,s,366
books,b,o,o,k,s,365
sends,s,e,n,d,s,364
tried,t,r,i,e,d,364
meets,m,e,e,t,s,364
heads,h,e,a,d,s,364
talks,t,a,l,k,s,363
types,t,y,p,e,s,362
costs,c,o,s,t,s,362
three,t,h,r,e,e,362
tanks,t,a,n,k,s,361
rules,r,u,l,e,s,361
shops,s,h,o,p,s,360
cross,c,r,o,s,s,360
lasts,l,a,s,t,s,360
years,y,e,a,r,s,360
posts,p,o,s,t,s,360
shows,s,h,o,w,s,359
class,c,l,a,s,s,359
goods,g,o,o,d,s,358
saint,s,a,i,n,t,357
cards,c,a,r,d,s,357
hours,h,o,u,r,s,357
saved,s,a,v,e,d,357
reads,r,e,a,d,s,357
tests,t,e,s,t,s,356
bytes,b,y,t,e,s,355
press,p,r,e,s,s,355
share,s,h,a,r,e,355
stays,s,t,a,y,s,354
facts,f,a,c,t,s,354
sheet,s,h,e,e,t,354
words,w,o,r,d,s,354
areas,a,r,e,a,s,353
tasks,t,a,s,k,s,352
draws,d,r,a,w,s,351
works,w,o,r,k,s,350
marks,m,a,r,k,s,347
feeds,f,e,e,d,s,347
forms,f,o,r,m,s,347
turns,t,u,r,n,s,347
folks,f,o,l,k,s,346
fills,f,i,l,l,s,346
trace,t,r,a,c,e,346
gross,g,r,o,s,s,345
chaos,c,h,a,o,s,345
glass,g,l,a,s,s,344
lands,l,a,n,d,s,343
alias,a,l,i,a,s,343
rooms,r,o,o,m,s,342
plots,p,l,o,t,s,341
walks,w,a,l,k,s,340
wills,w,i,l,l,s,340
tends,t,e,n,d,s,339
state,s,t,a,t,e,339
terms,t,e,r,m,s,338
weeks,w,e,e,k,s,337
basis,b,a,s,i,s,337
holds,h,o,l,d,s,336
stops,s,t,o,p,s,336
yours,y,o,u,r,s,335
hands,h,a,n,d,s,334
lists,l,i,s,t,s,331
chips,c,h,i,p,s,331
hints,h,i,n,t,s,331
safer,s,a,f,e,r,329
spare,s,p,a,r,e,327
cease,c,e,a,s,e,326
peace,p,e,a,c,e,325
shape,s,h,a,p,e,325
drops,d,r,o,p,s,324
shame,s,h,a,m,e,324
space,s,p,a,c,e,324
speed,s,p,e,e,d,323
spite,s,p,i,t,e,323
quits,q,u,i,t,s,323
scale,s,c,a,l,e,323
write,w,r,i,t,e,322
borne,b,o,r,n,e,322
raise,r,a,i,s,e,322
needs,n,e,e,d,s,322
loose,l,o,o,s,e,322
plays,p,l,a,y,s,321
deems,d,e,e,m,s,321
dated,d,a,t,e,d,321
finds,f,i,n,d,s,319
locks,l,o,c,k,s,319
lacks,l,a,c,k,s,319
taste,t,a,s,t,e,319
flied,f,l,i,e,d,318
noise,n,o,i,s,e,318
grows,g,r,o,w,s,318
hangs,h,a,n,g,s,318
stone,s,t,o,n,e,317
backs,b,a,c,k,s,317
units,u,n,i,t,s,316
coded,c,o,d,e,d,316
solve,s,o,l,v,e,316
sense,s,e,n,s,e,315
sound,s,o,u,n,d,315
arise,a,r,i,s,e,314
voice,v,o,i,c,e,314
based,b,a,s,e,d,314
edits,e,d,i,t,s,314
prone,p,r,o,n,e,313
kills,k,i,l,l,s,313
since,s,i,n,c,e,313
later,l,a,t,e,r,312
binds,b,i,n,d,s,312
price,p,r,i,c,e,312
discs,d,i,s,c,s,312
plane,p,l,a,n,e,312
smile,s,m,i,l,e,312
force,f,o,r,c,e,312
water,w,a,t,e,r,311
putts,p,u,t,t,s,311
links,l,i,n,k,s,310
money,m,o,n,e,y,310
minds,m,i,n,d,s,310
point,p,o,i,n,t,310
noted,n,o,t,e,d,309
pulls,p,u,l,l,s,308
omits,o,m,i,t,s,307
guess,g,u,e,s,s,307
moved,m,o,v,e,d,306
wrote,w,r,o,t,e,306
seven,s,e,v,e,n,305
worse,w,o,r,s,e,305
opens,o,p,e,n,s,304
phase,p,h,a,s,e,304
hoped,h,o,p,e,d,303
board,b,o,a,r,d,303
white,w,h,i,t,e,303
store,s,t,o,r,e,303
filed,f,i,l,e,d,303
while,w,h,i,l,e,302
keeps,k,e,e,p,s,302
title,t,i,t,l,e,302
timed,t,i,m,e,d,301
false,f,a,l,s,e,301
cause,c,a,u,s,e,301
frame,f,r,a,m,e,301
views,v,i,e,w,s,301
table,t,a,b,l,e,301
serve,s,e,r,v,e,300
agree,a,g,r,e,e,300
there,t,h,e,r,e,299
scene,s,c,e,n,e,299
pause,p,a,u,s,e,299
evens,e,v,e,n,s,299
token,t,o,k,e,n,298
those,t,h,o,s,e,298
payed,p,a,y,e,d,298
helps,h,e,l,p,s,298
taken,t,a,k,e,n,298
stage,s,t,a,g,e,297
leave,l,e,a,v,e,297
sorry,s,o,r,r,y,297
horse,h,o,r,s,e,297
stand,s,t,a,n,d,296
waste,w,a,s,t,e,296
these,t,h,e,s,e,295
sleep,s,l,e,e,p,295
paper,p,a,p,e,r,295
hotel,h,o,t,e,l,295
cover,c,o,v,e,r,295
place,p,l,a,c,e,295
route,r,o,u,t,e,295
phone,p,h,o,n,e,294
brief,b,r,i,e,f,293
meant,m,e,a,n,t,292
naive,n,a,i,v,e,291
piece,p,i,e,c,e,291
house,h,o,u,s,e,290
brand,b,r,a,n,d,290
picks,p,i,c,k,s,290
eaten,e,a,t,e,n,289
score,s,c,o,r,e,288
shall,s,h,a,l,l,288
named,n,a,m,e,d,288
alone,a,l,o,n,e,287
south,s,o,u,t,h,287
kinds,k,i,n,d,s,286
whole,w,h,o,l,e,286
funds,f,u,n,d,s,286
tooth,t,o,o,t,h,285
solid,s,o,l,i,d,285
start,s,t,a,r,t,285
model,m,o,d,e,l,285
faith,f,a,i,t,h,284
green,g,r,e,e,n,284
prime,p,r,i,m,e,284
grave,g,r,a,v,e,283
print,p,r,i,n,t,283
quiet,q,u,i,e,t,282
grant,g,r,a,n,t,282
aimed,a,i,m,e,d,282
dealt,d,e,a,l,t,281
daily,d,a,i,l,y,281
lived,l,i,v,e,d,281
sadly,s,a,d,l,y,281
power,p,o,w,e,r,281
lower,l,o,w,e,r,281
women,w,o,m,e,n,281
short,s,h,o,r,t,281
joint,j,o,i,n,t,280
grand,g,r,a,n,d,279
users,u,s,e,r,s,278
chose,c,h,o,s,e,278
least,l,e,a,s,t,278
wheel,w,h,e,e,l,278
twice,t,w,i,c,e,277
spoke,s,p,o,k,e,277
fixed,f,i,x,e,d,276
teach,t,e,a,c,h,276
drive,d,r,i,v,e,276
where,w,h,e,r,e,276
large,l,a,r,g,e,276
broke,b,r,o,k,e,275
whose,w,h,o,s,e,275
label,l,a,b,e,l,274
trash,t,r,a,s,h,274
found,f,o,u,n,d,273
count,c,o,u,n,t,273
liked,l,i,k,e,d,273
aware,a,w,a,r,e,273
heart,h,e,a,r,t,273
front,f,r,o,n,t,272
heard,h,e,a,r,d,270
third,t,h,i,r,d,269
fault,f,a,u,l,t,269
prove,p,r,o,v,e,268
pound,p,o,u,n,d,268
close,c,l,o,s,e,268
grind,g,r,i,n,d,267
world,w,o,r,l,d,267
wider,w,i,d,e,r,267
ideas,i,d,e,a,s,267
mixed,m,i,x,e,d,267
movie,m,o,v,i,e,266
weird,w,e,i,r,d,266
plant,p,l,a,n,t,266
bound,b,o,u,n,d,266
threw,t,h,r,e,w,265
blame,b,l,a,m,e,265
silly,s,i,l,l,y,265
novel,n,o,v,e,l,265
spent,s,p,e,n,t,264
track,t,r,a,c,k,264
react,r,e,a,c,t,263
treat,t,r,e,a,t,263
could,c,o,u,l,d,263
dozen,d,o,z,e,n,263
thank,t,h,a,n,k,262
spend,s,p,e,n,d,261
train,t,r,a,i,n,261
items,i,t,e,m,s,260
drove,d,r,o,v,e,260
fewer,f,e,w,e,r,260
quite,q,u,i,t,e,260
sharp,s,h,a,r,p,260
doing,d,o,i,n,g,260
hence,h,e,n,c,e,260
would,w,o,u,l,d,260
court,c,o,u,r,t,259
alter,a,l,t,e,r,259
worst,w,o,r,s,t,259
level,l,e,v,e,l,259
noisy,n,o,i,s,y,258
shift,s,h,i,f,t,258
party,p,a,r,t,y,258
alive,a,l,i,v,e,258
shell,s,h,e,l,l,257
death,d,e,a,t,h,257
field,f,i,e,l,d,257
knows,k,n,o,w,s,257
child,c,h,i,l,d,256
teeth,t,e,e,t,h,256
style,s,t,y,l,e,255
going,g,o,i,n,g,255
crash,c,r,a,s,h,254
trial,t,r,i,a,l,254
leach,l,e,a,c,h,254
shoot,s,h,o,o,t,253
unite,u,n,i,t,e,253
learn,l,e,a,r,n,253
carry,c,a,r,r,y,252
round,r,o,u,n,d,252
still,s,t,i,l,l,252
forth,f,o,r,t,h,252
trick,t,r,i,c,k,252
touch,t,o,u,c,h,251
awake,a,w,a,k,e,251
think,t,h,i,n,k,250
lorry,l,o,r,r,y,250
small,s,m,a,l,l,250
typed,t,y,p,e,d,250
guide,g,u,i,d,e,249
worry,w,o,r,r,y,249
river,r,i,v,e,r,248
range,r,a,n,g,e,248
order,o,r,d,e,r,248
trust,t,r,u,s,t,248
acted,a,c,t,e,d,247
never,n,e,v,e,r,247
worth,w,o,r,t,h,246
marry,m,a,r,r,y,246
value,v,a,l,u,e,246
truly,t,r,u,l,y,245
thing,t,h,i,n,g,244
quote,q,u,o,t,e,244
aside,a,s,i,d,e,243
story,s,t,o,r,y,243
early,e,a,r,l,y,243
given,g,i,v,e,n,242
total,t,o,t,a,l,241
today,t,o,d,a,y,240
being,b,e,i,n,g,240
fancy,f,a,n,c,y,240
refer,r,e,f,e,r,240
built,b,u,i,l,t,239
bring,b,r,i,n,g,239
drink,d,r,i,n,k,239
nicer,n,i,c,e,r,239
argue,a,r,g,u,e,238
reach,r,e,a,c,h,238
vague,v,a,g,u,e,237
apart,a,p,a,r,t,237
first,f,i,r,s,t,236
build,b,u,i,l,d,236
mouth,m,o,u,t,h,236
truth,t,r,u,t,h,235
shelf,s,h,e,l,f,235
stick,s,t,i,c,k,234
ready,r,e,a,d,y,234
earth,e,a,r,t,h,233
march,m,a,r,c,h,232
skill,s,k,i,l,l,232
badly,b,a,d,l,y,232
added,a,d,d,e,d,232
month,m,o,n,t,h,231
chair,c,h,a,i,r,231
trunk,t,r,u,n,k,230
sight,s,i,g,h,t,230
catch,c,a,t,c,h,230
guard,g,u,a,r,d,230
spell,s,p,e,l,l,229
blank,b,l,a,n,k,228
great,g,r,e,a,t,228
crazy,c,r,a,z,y,228
outer,o,u,t,e,r,228
angle,a,n,g,l,e,228
patch,p,a,t,c,h,228
heavy,h,e,a,v,y,228
flash,f,l,a,s,h,228
after,a,f,t,e,r,227
watch,w,a,t,c,h,227
ended,e,n,d,e,d,227
north,n,o,r,t,h,227
maybe,m,a,y,b,e,227
fresh,f,r,e,s,h,226
stood,s,t,o,o,d,226
enter,e,n,t,e,r,225
award,a,w,a,r,d,224
match,m,a,t,c,h,224
wrong,w,r,o,n,g,224
fatal,f,a,t,a,l,224
moral,m,o,r,a,l,223
jumps,j,u,m,p,s,222
chain,c,h,a,i,n,222
ahead,a,h,e,a,d,222
prior,p,r,i,o,r,221
apple,a,p,p,l,e,221
shown,s,h,o,w,n,221
which,w,h,i,c,h,221
dirty,d,i,r,t,y,221
asked,a,s,k,e,d,221
merit,m,e,r,i,t,221
upset,u,p,s,e,t,221
their,t,h,e,i,r,220
float,f,l,o,a,t,220
older,o,l,d,e,r,219
amuse,a,m,u,s,e,218
crisp,c,r,i,s,p,218
stock,s,t,o,c,k,218
steal,s,t,e,a,l,217
nasty,n,a,s,t,y,217
split,s,p,l,i,t,214
abuse,a,b,u,s,e,214
valid,v,a,l,i,d,213
drawn,d,r,a,w,n,213
truck,t,r,u,c,k,213
graph,g,r,a,p,h,213
usage,u,s,a,g,e,212
video,v,i,d,e,o,212
image,i,m,a,g,e,211
handy,h,a,n,d,y,211
black,b,l,a,c,k,211
inner,i,n,n,e,r,210
plain,p,l,a,i,n,210
above,a,b,o,v,e,210
doubt,d,o,u,b,t,209
rapid,r,a,p,i,d,207
tying,t,y,i,n,g,206
tight,t,i,g,h,t,205
alarm,a,l,a,r,m,205
speak,s,p,e,a,k,205
queue,q,u,e,u,e,204
habit,h,a,b,i,t,204
elect,e,l,e,c,t,204
exact,e,x,a,c,t,203
cycle,c,y,c,l,e,203
break,b,r,e,a,k,203
study,s,t,u,d,y,202
owner,o,w,n,e,r,202
sugar,s,u,g,a,r,201
under,u,n,d,e,r,200
along,a,l,o,n,g,199
young,y,o,u,n,g,198
topic,t,o,p,i,c,198
upper,u,p,p,e,r,197
delay,d,e,l,a,y,197
staff,s,t,a,f,f,196
woman,w,o,m,a,n,196
funny,f,u,n,n,y,195
stuck,s,t,u,c,k,195
digit,d,i,g,i,t,195
messy,m,e,s,s,y,195
local,l,o,c,a,l,195
clear,c,l,e,a,r,194
check,c,h,e,c,k,194
limit,l,i,m,i,t,193
often,o,f,t,e,n,193
final,f,i,n,a,l,191
brown,b,r,o,w,n,191
claim,c,l,a,i,m,191
exist,e,x,i,s,t,190
fully,f,u,l,l,y,190
reply,r,e,p,l,y,190
event,e,v,e,n,t,190
metal,m,e,t,a,l,189
fight,f,i,g,h,t,188
depth,d,e,p,t,h,188
other,o,t,h,e,r,187
clock,c,l,o,c,k,187
happy,h,a,p,p,y,186
clean,c,l,e,a,n,185
lying,l,y,i,n,g,184
light,l,i,g,h,t,183
block,b,l,o,c,k,183
dream,d,r,e,a,m,183
rough,r,o,u,g,h,182
legal,l,e,g,a,l,182
logic,l,o,g,i,c,182
floor,f,l,o,o,r,181
again,a,g,a,i,n,180
avoid,a,v,o,i,d,180
grown,g,r,o,w,n,180
might,m,i,g,h,t,179
hurry,h,u,r,r,y,179
began,b,e,g,a,n,179
basic,b,a,s,i,c,178
magic,m,a,g,i,c,178
visit,v,i,s,i,t,176
dying,d,y,i,n,g,176
ditto,d,i,t,t,o,176
cheap,c,h,e,a,p,175
proof,p,r,o,o,f,175
begin,b,e,g,i,n,175
hello,h,e,l,l,o,175
error,e,r,r,o,r,175
offer,o,f,f,e,r,172
major,m,a,j,o,r,172
minor,m,i,n,o,r,171
datum,d,a,t,u,m,169
eight,e,i,g,h,t,169
flown,f,l,o,w,n,169
scrap,s,c,r,a,p,168
adopt,a,d,o,p,t,168
right,r,i,g,h,t,167
quick,q,u,i,c,k,167
about,a,b,o,u,t,166
vital,v,i,t,a,l,165
index,i,n,d,e,x,165
night,n,i,g,h,t,163
every,e,v,e,r,y,162
owing,o,w,i,n,g,162
group,g,r,o,u,p,162
lunch,l,u,n,c,h,162
apply,a,p,p,l,y,161
radio,r,a,d,i,o,161
angry,a,n,g,r,y,161
throw,t,h,r,o,w,161
judge,j,u,d,g,e,161
using,u,s,i,n,g,160
begun,b,e,g,u,n,159
entry,e,n,t,r,y,155
issue,i,s,s,u,e,151
below,b,e,l,o,w,147
media,m,e,d,i,a,145
stuff,s,t,u,f,f,145
enemy,e,n,e,m,y,145
knock,k,n,o,c,k,140
admit,a,d,m,i,t,140
annoy,a,n,n,o,y,140
empty,e,m,p,t,y,135
lucky,l,u,c,k,y,134
ideal,i,d,e,a,l,130
ought,o,u,g,h,t,128
human,h,u,m,a,n,126
imply,i,m,p,l,y,123
allow,a,l,l,o,w,122
known,k,n,o,w,n,119
until,u,n,t,i,l,118
equal,e,q,u,a,l,116
music,m,u,s,i,c,114
usual,u,s,u,a,l,112
input,i,n,p,u,t,112
extra,e,x,t,r,a,101
enjoy,e,n,j,o,y,95
album,a,l,b,u,m,94
awful,a,w,f,u,l,88
occur,o,c,c,u,r,76
